ID,Date,Customer,Product,Brand,Price,Quantity,Total
1,2024-12-04,Patrick Sanchez,MacBook Pro 14,Apple,45000000,1,45000000
2,2024-05-24,Megan Mcclain,Acer Predator Helios 300,Acer,34000000,1,34000000
3,2024-05-03,Amanda Davis,ROG Zephyrus G14,Asus,38000000,1,38000000
4,2024-06-29,Alyssa Gonzalez,MacBook Pro 14,Apple,45000000,3,135000000
5,2024-12-08,Jennifer Cole,LG Gram 17,LG,27000000,1,27000000
6,2024-07-17,Abigail Shaffer,Razer Blade 15,Razer,42000000,2,84000000
7,2024-12-27,Donald Lewis,Laptop XPS 15,Dell,30000000,1,30000000
8,2025-01-21,Brandon Davis,MacBook Pro 14,Apple,45000000,1,45000000
9,2025-02-23,Dennis Williams,ROG Zephyrus G14,Asus,38000000,3,114000000
10,2024-09-25,Valerie Gray,Razer Blade 15,Razer,42000000,1,42000000
11,2024-10-31,Mark Mcclure,LG Gram 17,LG,27000000,1,27000000
12,2024-08-18,Michele Williams,LG Gram 17,LG,27000000,2,54000000
13,2024-06-27,Victoria Wyatt,ROG Zephyrus G14,Asus,38000000,2,76000000
14,2025-03-02,Donald Reid,Razer Blade 15,Razer,42000000,2,84000000
15,2024-08-19,Henry Santiago,Laptop XPS 15,Dell,30000000,1,30000000
16,2024-12-28,Maria Lynch,HP Spectre x360,HP,28000000,2,56000000
17,2024-06-05,Danielle Ford,Acer Predator Helios 300,Acer,34000000,1,34000000
18,2024-07-13,Margaret Hawkins DDS,ROG Zephyrus G14,Asus,38000000,2,76000000
19,2025-02-21,Amy Underwood,MacBook Pro 14,Apple,45000000,1,45000000
20,2025-02-06,Derek Clark,HP Spectre x360,HP,28000000,1,28000000
21,2024-11-06,Emily Rios,MSI GS66 Stealth,MSI,36000000,2,72000000
22,2024-08-31,Maria Thomas,Razer Blade 15,Razer,42000000,2,84000000
23,2024-05-24,Justin Baker,Laptop XPS 15,Dell,30000000,3,90000000
24,2024-11-13,Kevin Cox,Surface Laptop 4,Microsoft,25000000,3,75000000
25,2024-05-23,Ann Williams,MacBook Pro 14,Apple,45000000,2,90000000
26,2024-05-12,Christopher Becker,MacBook Pro 14,Apple,45000000,3,135000000
27,2024-11-17,James Ferrell,Acer Predator Helios 300,Acer,34000000,3,102000000
28,2024-10-22,Juan Dunlap,Razer Blade 15,Razer,42000000,2,84000000
29,2024-12-20,Melanie Herrera,Razer Blade 15,Razer,42000000,1,42000000
30,2024-07-12,Gina Carter,MacBook Pro 14,Apple,45000000,1,45000000
31,2024-05-31,Troy Liu,ROG Zephyrus G14,Asus,38000000,2,76000000
32,2024-07-11,Pamela Romero,MacBook Pro 14,Apple,45000000,1,45000000
33,2024-05-11,Elizabeth Fowler,MacBook Pro 14,Apple,45000000,2,90000000
34,2024-11-22,James Martin,Acer Predator Helios 300,Acer,34000000,2,68000000
35,2025-01-27,Tamara George,MSI GS66 Stealth,MSI,36000000,1,36000000
36,2024-10-06,Timothy Koch,MSI GS66 Stealth,MSI,36000000,2,72000000
37,2025-02-16,Cynthia Allen,ROG Zephyrus G14,Asus,38000000,3,114000000
38,2024-11-06,Angelica Tucker,Acer Predator Helios 300,Acer,34000000,3,102000000
39,2024-04-26,Kim Martinez,MacBook Pro 14,Apple,45000000,3,135000000
40,2024-12-12,Joshua Baker,ThinkPad X1 Carbon,Lenovo,32000000,3,96000000
41,2025-03-04,Tracey Hickman,ROG Zephyrus G14,Asus,38000000,1,38000000
42,2025-01-18,Christina Collins,Surface Laptop 4,Microsoft,25000000,2,50000000
43,2024-12-16,Jessica Holmes,Acer Predator Helios 300,Acer,34000000,3,102000000
44,2024-05-16,Austin Smith,LG Gram 17,LG,27000000,1,27000000
45,2024-11-01,Daniel Jones,MSI GS66 Stealth,MSI,36000000,1,36000000
46,2024-12-01,Austin Johnson,ROG Zephyrus G14,Asus,38000000,1,38000000
47,2024-08-06,David Caldwell,MSI GS66 Stealth,MSI,36000000,2,72000000
48,2024-06-22,Miranda Khan,Acer Predator Helios 300,Acer,34000000,1,34000000
49,2024-11-09,Richard Aguirre,ROG Zephyrus G14,Asus,38000000,3,114000000
50,2024-06-12,Matthew Gomez,MSI GS66 Stealth,MSI,36000000,1,36000000
51,2024-09-06,Nicholas Nunez,Surface Laptop 4,Microsoft,25000000,2,50000000
52,2024-12-06,James Morgan,Surface Laptop 4,Microsoft,25000000,1,25000000
53,2025-02-28,Corey Herrera,Acer Predator Helios 300,Acer,34000000,1,34000000
54,2024-05-24,Donald Wright,ROG Zephyrus G14,Asus,38000000,3,114000000
55,2025-03-24,Robert Chase,LG Gram 17,LG,27000000,3,81000000
56,2024-05-08,Zachary Huff,Acer Predator Helios 300,Acer,34000000,3,102000000
57,2024-05-06,Sarah Martin,Razer Blade 15,Razer,42000000,2,84000000
58,2024-10-05,Dr. Steven Martin,Razer Blade 15,Razer,42000000,2,84000000
59,2024-03-31,Mrs. Rachel Gibson,MSI GS66 Stealth,MSI,36000000,1,36000000
60,2024-09-11,Monica Logan,ThinkPad X1 Carbon,Lenovo,32000000,3,96000000
61,2024-12-13,Brittney Phillips,Surface Laptop 4,Microsoft,25000000,1,25000000
62,2024-04-22,Kimberly Adkins,Laptop XPS 15,Dell,30000000,1,30000000
63,2024-04-22,John Calhoun,ThinkPad X1 Carbon,Lenovo,32000000,3,96000000
64,2024-10-23,Tyler Miller,ThinkPad X1 Carbon,Lenovo,32000000,3,96000000
65,2024-06-11,Barry Hensley,HP Spectre x360,HP,28000000,3,84000000
66,2024-09-03,Steve Sanchez,MacBook Pro 14,Apple,45000000,2,90000000
67,2024-11-16,Bradley Sandoval,HP Spectre x360,HP,28000000,3,84000000
68,2024-11-05,Taylor Harris,Surface Laptop 4,Microsoft,25000000,3,75000000
69,2025-01-03,Derek Anderson,Acer Predator Helios 300,Acer,34000000,3,102000000
70,2024-12-06,Eugene Walton,Laptop XPS 15,Dell,30000000,3,90000000
71,2024-04-28,Marc Hart,MacBook Pro 14,Apple,45000000,3,135000000
72,2024-05-08,Daniel Baker,LG Gram 17,LG,27000000,2,54000000
73,2025-03-28,Benjamin Sanchez,MSI GS66 Stealth,MSI,36000000,1,36000000
74,2024-07-19,Roy Warner,Acer Predator Helios 300,Acer,34000000,2,68000000
75,2024-11-23,Dr. Kendra Contreras,ThinkPad X1 Carbon,Lenovo,32000000,2,64000000
76,2024-11-01,Matthew Mcmillan,Laptop XPS 15,Dell,30000000,3,90000000
77,2024-05-22,Steve Newton,Acer Predator Helios 300,Acer,34000000,3,102000000
78,2024-05-30,Larry Robbins,ThinkPad X1 Carbon,Lenovo,32000000,3,96000000
79,2024-06-18,Sarah Wagner,MacBook Pro 14,Apple,45000000,3,135000000
80,2024-07-06,Sarah Davis,Acer Predator Helios 300,Acer,34000000,3,102000000
81,2024-09-11,Amanda Cook,LG Gram 17,LG,27000000,3,81000000
82,2024-05-20,Deborah Figueroa,ROG Zephyrus G14,Asus,38000000,1,38000000
83,2024-10-31,Kristina Rodriguez,MSI GS66 Stealth,MSI,36000000,1,36000000
84,2025-03-08,Brittany Johnson,LG Gram 17,LG,27000000,3,81000000
85,2024-08-21,Brittany Anderson,Laptop XPS 15,Dell,30000000,3,90000000
86,2024-07-28,Timothy Stanton,MSI GS66 Stealth,MSI,36000000,2,72000000
87,2024-04-15,Christine Wright,Laptop XPS 15,Dell,30000000,1,30000000
88,2024-05-09,Justin Baxter,MSI GS66 Stealth,MSI,36000000,2,72000000
89,2024-11-27,Tammy Young,ROG Zephyrus G14,Asus,38000000,1,38000000
90,2024-06-02,Rita Keith,ROG Zephyrus G14,Asus,38000000,3,114000000
91,2024-04-09,Tim Patton,MacBook Pro 14,Apple,45000000,1,45000000
92,2024-09-06,Sharon Cochran,Surface Laptop 4,Microsoft,25000000,1,25000000
93,2024-07-12,Michael Reyes,LG Gram 17,LG,27000000,1,27000000
94,2024-04-15,Courtney Velasquez,ThinkPad X1 Carbon,Lenovo,32000000,3,96000000
95,2024-09-25,Robert Savage,Surface Laptop 4,Microsoft,25000000,3,75000000
96,2024-06-25,Corey Murphy,ThinkPad X1 Carbon,Lenovo,32000000,2,64000000
97,2025-03-01,Raymond Bell,LG Gram 17,LG,27000000,3,81000000
98,2024-10-14,William Herrera,HP Spectre x360,HP,28000000,1,28000000
99,2025-03-30,Shawn Green,LG Gram 17,LG,27000000,3,81000000
100,2024-11-11,Deborah Rodriguez,ROG Zephyrus G14,Asus,38000000,3,114000000
101,2024-09-15,Richard Graham,Acer Predator Helios 300,Acer,34000000,2,68000000
102,2024-10-15,Steven Lee,MSI GS66 Stealth,MSI,36000000,2,72000000
103,2024-04-17,April Frost,LG Gram 17,LG,27000000,2,54000000
104,2024-10-26,Teresa Mclaughlin,MacBook Pro 14,Apple,45000000,1,45000000
105,2024-06-15,Benjamin Beck,ROG Zephyrus G14,Asus,38000000,1,38000000
106,2024-08-06,Mary Martinez,MSI GS66 Stealth,MSI,36000000,1,36000000
107,2025-03-15,Eric Ortiz,Razer Blade 15,Razer,42000000,3,126000000
108,2024-09-03,Kristen Lee,ROG Zephyrus G14,Asus,38000000,3,114000000
109,2024-12-14,Megan Orr,ROG Zephyrus G14,Asus,38000000,1,38000000
110,2024-11-25,Jennifer Bass,MacBook Pro 14,Apple,45000000,3,135000000
111,2024-07-27,Jeffrey Carpenter,Laptop XPS 15,Dell,30000000,1,30000000
112,2024-12-10,Jeremy Lowe,MacBook Pro 14,Apple,45000000,1,45000000
113,2024-10-15,Steven Flynn,MSI GS66 Stealth,MSI,36000000,1,36000000
114,2024-06-04,Diane Beck,LG Gram 17,LG,27000000,1,27000000
115,2024-11-26,Robert Potter,Acer Predator Helios 300,Acer,34000000,3,102000000
116,2024-12-17,Robert Hernandez,Surface Laptop 4,Microsoft,25000000,1,25000000
117,2024-04-17,John Atkinson,LG Gram 17,LG,27000000,1,27000000
118,2024-04-28,Stephen Johnston,Razer Blade 15,Razer,42000000,3,126000000
119,2025-01-03,Kathleen Sanchez,Surface Laptop 4,Microsoft,25000000,1,25000000
120,2024-12-10,Stephanie Dalton,Surface Laptop 4,Microsoft,25000000,2,50000000
121,2025-03-09,Jeffery Thompson,ROG Zephyrus G14,Asus,38000000,1,38000000
122,2024-12-26,Amber Wright,MacBook Pro 14,Apple,45000000,3,135000000
123,2025-02-23,Casey Marshall,HP Spectre x360,HP,28000000,2,56000000
124,2024-10-23,Linda Dodson DVM,HP Spectre x360,HP,28000000,2,56000000
125,2024-11-23,Stephanie Simmons,Surface Laptop 4,Microsoft,25000000,3,75000000
126,2025-03-18,Stephanie Manning,Laptop XPS 15,Dell,30000000,3,90000000
127,2024-10-01,Paul Larsen,MacBook Pro 14,Apple,45000000,1,45000000
128,2024-07-16,Kelly Sims,HP Spectre x360,HP,28000000,3,84000000
129,2024-07-15,Micheal Young,MSI GS66 Stealth,MSI,36000000,1,36000000
130,2024-08-08,Joshua Taylor,ROG Zephyrus G14,Asus,38000000,1,38000000
131,2024-06-28,Christian Lewis,ROG Zephyrus G14,Asus,38000000,3,114000000
132,2024-09-08,Joshua Perry,Surface Laptop 4,Microsoft,25000000,1,25000000
133,2024-06-19,Jean Carrillo,HP Spectre x360,HP,28000000,1,28000000
134,2024-12-26,Spencer Johnston,Acer Predator Helios 300,Acer,34000000,2,68000000
135,2024-10-02,Guy Molina,ROG Zephyrus G14,Asus,38000000,1,38000000
136,2025-02-25,Sara Medina,Surface Laptop 4,Microsoft,25000000,3,75000000
137,2025-01-10,Lindsey Walker,MacBook Pro 14,Apple,45000000,1,45000000
138,2024-06-24,John Price,LG Gram 17,LG,27000000,1,27000000
139,2024-12-15,Jennifer Martin,MacBook Pro 14,Apple,45000000,1,45000000
140,2024-09-28,Veronica Ferguson,ThinkPad X1 Carbon,Lenovo,32000000,2,64000000
141,2025-03-18,Justin Johnson,Surface Laptop 4,Microsoft,25000000,2,50000000
142,2024-12-05,Sean White,ROG Zephyrus G14,Asus,38000000,2,76000000
143,2024-07-10,Daniel Murphy,Laptop XPS 15,Dell,30000000,1,30000000
144,2025-01-20,Diana Bean,HP Spectre x360,HP,28000000,1,28000000
145,2024-09-10,Bradley Smith,HP Spectre x360,HP,28000000,2,56000000
146,2024-10-26,Trevor Walker,Surface Laptop 4,Microsoft,25000000,2,50000000
147,2024-04-26,Marissa Webster,HP Spectre x360,HP,28000000,3,84000000
148,2024-07-05,Alex Hernandez,LG Gram 17,LG,27000000,3,81000000
149,2024-05-19,Brian Gould,Surface Laptop 4,Microsoft,25000000,1,25000000
150,2024-09-27,Pamela Jackson,ROG Zephyrus G14,Asus,38000000,2,76000000
151,2024-11-21,Michelle Strickland,ROG Zephyrus G14,Asus,38000000,1,38000000
152,2024-06-02,Ashley Johnson,Razer Blade 15,Razer,42000000,3,126000000
153,2024-07-30,Susan Brooks,LG Gram 17,LG,27000000,1,27000000
154,2025-03-31,Angela Vaughn,MSI GS66 Stealth,MSI,36000000,1,36000000
155,2024-11-29,Michael Turner,Laptop XPS 15,Dell,30000000,3,90000000
156,2024-12-21,Barbara Riggs,Surface Laptop 4,Microsoft,25000000,3,75000000
157,2025-01-28,Joseph Stanley,LG Gram 17,LG,27000000,1,27000000
158,2024-04-26,Gloria Atkinson,Laptop XPS 15,Dell,30000000,3,90000000
159,2025-02-13,Jeffrey Cox PhD,MacBook Pro 14,Apple,45000000,1,45000000
160,2024-09-25,Jessica Gross,MacBook Pro 14,Apple,45000000,3,135000000
161,2024-12-08,Robert Medina,MacBook Pro 14,Apple,45000000,3,135000000
162,2024-10-04,Roger Vargas,ROG Zephyrus G14,Asus,38000000,2,76000000
163,2024-08-03,Sandra Miller,MacBook Pro 14,Apple,45000000,3,135000000
164,2025-03-08,Paul Hudson,ROG Zephyrus G14,Asus,38000000,3,114000000
165,2024-12-15,Allen Rosales,Razer Blade 15,Razer,42000000,1,42000000
166,2024-06-09,Mr. David Ramirez,Razer Blade 15,Razer,42000000,1,42000000
167,2024-11-17,Desiree Smith,HP Spectre x360,HP,28000000,3,84000000
168,2024-06-13,Nathan Freeman,Razer Blade 15,Razer,42000000,3,126000000
169,2025-01-19,John Joseph,LG Gram 17,LG,27000000,2,54000000
170,2024-09-21,Anna Walker,Acer Predator Helios 300,Acer,34000000,1,34000000
171,2024-12-24,Matthew Wood,MSI GS66 Stealth,MSI,36000000,1,36000000
172,2024-10-31,Jessica Reese,Acer Predator Helios 300,Acer,34000000,2,68000000
173,2024-08-06,Jesse Parker,ThinkPad X1 Carbon,Lenovo,32000000,3,96000000
174,2024-06-28,Corey Wilson,Acer Predator Helios 300,Acer,34000000,2,68000000
175,2024-10-25,Melissa Lee,MSI GS66 Stealth,MSI,36000000,1,36000000
176,2025-01-11,Dr. William Warren,Laptop XPS 15,Dell,30000000,2,60000000
177,2024-07-18,Dr. Elizabeth Ward,Razer Blade 15,Razer,42000000,3,126000000
178,2024-07-26,Joseph Hill,MacBook Pro 14,Apple,45000000,1,45000000
179,2024-04-21,Melissa Martinez,LG Gram 17,LG,27000000,1,27000000
180,2025-03-03,Ashley Smith,LG Gram 17,LG,27000000,2,54000000
181,2024-07-19,Jeremiah Lopez,ThinkPad X1 Carbon,Lenovo,32000000,2,64000000
182,2024-04-19,Scott Wilson,MacBook Pro 14,Apple,45000000,1,45000000
183,2024-04-25,Benjamin Soto,MSI GS66 Stealth,MSI,36000000,2,72000000
184,2024-04-20,Robert Avery,ThinkPad X1 Carbon,Lenovo,32000000,2,64000000
185,2024-05-03,Bailey Duran DDS,LG Gram 17,LG,27000000,3,81000000
186,2025-02-01,Patricia James,Acer Predator Helios 300,Acer,34000000,3,102000000
187,2025-03-18,Scott Branch,LG Gram 17,LG,27000000,1,27000000
188,2024-07-27,Amy Choi,LG Gram 17,LG,27000000,2,54000000
189,2024-05-08,Christine Clark,MacBook Pro 14,Apple,45000000,1,45000000
190,2024-12-12,David Arnold,Acer Predator Helios 300,Acer,34000000,1,34000000
191,2024-05-30,Jerry Wheeler,MacBook Pro 14,Apple,45000000,3,135000000
192,2024-07-22,Dwayne Campbell,LG Gram 17,LG,27000000,1,27000000
193,2025-02-27,Michael Bradshaw,Acer Predator Helios 300,Acer,34000000,2,68000000
194,2025-01-30,Leah Lara,Razer Blade 15,Razer,42000000,1,42000000
195,2024-06-15,Joshua Holland,MSI GS66 Stealth,MSI,36000000,1,36000000
196,2025-03-18,Charles Brown,Acer Predator Helios 300,Acer,34000000,3,102000000
197,2025-02-01,Paul Carroll,Surface Laptop 4,Microsoft,25000000,2,50000000
198,2024-07-21,John Torres,Laptop XPS 15,Dell,30000000,1,30000000
199,2024-09-03,Kathryn Snyder,HP Spectre x360,HP,28000000,2,56000000
200,2024-05-01,Stacy Navarro,Laptop XPS 15,Dell,30000000,1,30000000
201,2024-11-20,Brandon Hayden,MSI GS66 Stealth,MSI,36000000,1,36000000
202,2025-02-18,Laurie Smith,Acer Predator Helios 300,Acer,34000000,1,34000000
203,2025-01-22,Debra Williams,Surface Laptop 4,Microsoft,25000000,3,75000000
204,2025-01-18,Joseph Ramos,HP Spectre x360,HP,28000000,3,84000000
205,2024-07-17,Kevin Walters,Laptop XPS 15,Dell,30000000,1,30000000
206,2024-10-07,Julie Ortiz,MacBook Pro 14,Apple,45000000,3,135000000
207,2024-08-02,Shannon Rivera,ThinkPad X1 Carbon,Lenovo,32000000,3,96000000
208,2024-12-25,Matthew Morales DDS,Laptop XPS 15,Dell,30000000,2,60000000
209,2024-04-14,Ernest Morris,Razer Blade 15,Razer,42000000,3,126000000
210,2025-01-25,Jose Travis,ThinkPad X1 Carbon,Lenovo,32000000,2,64000000
211,2024-12-11,Julia Brown,ThinkPad X1 Carbon,Lenovo,32000000,1,32000000
212,2024-10-18,Peter Garrett,Acer Predator Helios 300,Acer,34000000,2,68000000
213,2025-01-20,Derek Anderson,Laptop XPS 15,Dell,30000000,2,60000000
214,2024-07-20,Michael Martinez,ROG Zephyrus G14,Asus,38000000,3,114000000
215,2024-11-30,Cynthia Moore,ROG Zephyrus G14,Asus,38000000,3,114000000
216,2024-10-30,Jason Walker,MacBook Pro 14,Apple,45000000,2,90000000
217,2025-02-20,Julia Wilson,LG Gram 17,LG,27000000,2,54000000
218,2025-02-17,Timothy Carter,Razer Blade 15,Razer,42000000,3,126000000
219,2024-12-29,Ruben Baird,ThinkPad X1 Carbon,Lenovo,32000000,1,32000000
220,2024-07-03,Charles Lee,ThinkPad X1 Carbon,Lenovo,32000000,1,32000000
221,2024-11-18,Sherry Shields,HP Spectre x360,HP,28000000,1,28000000
222,2024-07-16,Sarah Morgan,ThinkPad X1 Carbon,Lenovo,32000000,3,96000000
223,2025-01-30,Samantha Campbell,MSI GS66 Stealth,MSI,36000000,2,72000000
224,2024-07-24,Lauren Keller,ROG Zephyrus G14,Asus,38000000,2,76000000
225,2025-03-02,Joshua Reed,ThinkPad X1 Carbon,Lenovo,32000000,3,96000000
226,2024-10-31,Jamie Cantu,MacBook Pro 14,Apple,45000000,2,90000000
227,2025-03-03,Michael Armstrong,Laptop XPS 15,Dell,30000000,2,60000000
228,2024-06-29,Jennifer Flores,ROG Zephyrus G14,Asus,38000000,1,38000000
229,2024-09-30,Roberta Hughes,Surface Laptop 4,Microsoft,25000000,2,50000000
230,2024-12-13,Marissa Hernandez,Acer Predator Helios 300,Acer,34000000,1,34000000
231,2024-04-14,Vincent Rivera,ROG Zephyrus G14,Asus,38000000,1,38000000
232,2024-05-08,Jessica Fox,ROG Zephyrus G14,Asus,38000000,2,76000000
233,2024-09-24,Charles Pitts,MSI GS66 Stealth,MSI,36000000,2,72000000
234,2024-05-29,Richard Baker,MacBook Pro 14,Apple,45000000,2,90000000
235,2024-11-28,Marie Christian,MSI GS66 Stealth,MSI,36000000,3,108000000
236,2025-02-25,Kimberly Finley,LG Gram 17,LG,27000000,2,54000000
237,2024-11-29,Olivia Brennan,LG Gram 17,LG,27000000,2,54000000
238,2024-04-13,Cynthia Cohen,Laptop XPS 15,Dell,30000000,1,30000000
239,2024-07-20,Nicole Hamilton MD,Acer Predator Helios 300,Acer,34000000,1,34000000
240,2024-12-02,Ashlee Jackson,Razer Blade 15,Razer,42000000,2,84000000
241,2024-07-25,Amber Flynn,Laptop XPS 15,Dell,30000000,1,30000000
242,2024-07-22,Jeffrey Sanchez,Razer Blade 15,Razer,42000000,2,84000000
243,2024-09-07,Rebecca Jackson,MSI GS66 Stealth,MSI,36000000,3,108000000
244,2024-04-30,Janet Vega,MSI GS66 Stealth,MSI,36000000,2,72000000
245,2024-10-10,Briana Murray,Razer Blade 15,Razer,42000000,3,126000000
246,2024-07-07,Michael Nolan,MacBook Pro 14,Apple,45000000,2,90000000
247,2024-09-27,Megan Moore,Razer Blade 15,Razer,42000000,1,42000000
248,2024-09-18,Victoria Evans,Acer Predator Helios 300,Acer,34000000,1,34000000
249,2024-09-11,Joyce Turner,HP Spectre x360,HP,28000000,1,28000000
250,2024-08-27,Ashley James,LG Gram 17,LG,27000000,3,81000000
251,2024-08-17,Wendy Phillips,ROG Zephyrus G14,Asus,38000000,2,76000000
252,2025-02-16,Denise Knight,HP Spectre x360,HP,28000000,1,28000000
253,2024-12-22,Valerie Lozano,MSI GS66 Stealth,MSI,36000000,3,108000000
254,2025-01-14,Tanner Mitchell DDS,MSI GS66 Stealth,MSI,36000000,3,108000000
255,2024-11-21,Colleen Lee,MacBook Pro 14,Apple,45000000,3,135000000
256,2024-07-06,Michelle Hopkins,Acer Predator Helios 300,Acer,34000000,3,102000000
257,2025-02-19,Brent Burton,Acer Predator Helios 300,Acer,34000000,3,102000000
258,2024-04-15,Jeremiah Riley,HP Spectre x360,HP,28000000,2,56000000
259,2025-01-09,Theodore Murphy,HP Spectre x360,HP,28000000,3,84000000
260,2024-09-08,Carlos Ryan,Acer Predator Helios 300,Acer,34000000,3,102000000
261,2024-08-20,Susan Rivas,ThinkPad X1 Carbon,Lenovo,32000000,1,32000000
262,2024-07-08,Terry Coffey,HP Spectre x360,HP,28000000,3,84000000
263,2024-07-23,Gina Wilson,HP Spectre x360,HP,28000000,3,84000000
264,2024-04-29,Vincent Dalton,ThinkPad X1 Carbon,Lenovo,32000000,3,96000000
265,2025-01-06,Jennifer Singleton,Razer Blade 15,Razer,42000000,2,84000000
266,2024-11-02,Richard Smith,HP Spectre x360,HP,28000000,3,84000000
267,2024-10-25,Jacob Curry,Laptop XPS 15,Dell,30000000,2,60000000
268,2024-07-10,Samantha Bentley,Acer Predator Helios 300,Acer,34000000,1,34000000
269,2024-05-12,Kaitlyn Harvey,HP Spectre x360,HP,28000000,3,84000000
270,2024-11-04,Leonard Holland,Razer Blade 15,Razer,42000000,3,126000000
271,2024-12-02,Susan Turner,MSI GS66 Stealth,MSI,36000000,2,72000000
272,2024-09-05,Andrew Johnson,Surface Laptop 4,Microsoft,25000000,2,50000000
273,2024-10-08,David Medina,ROG Zephyrus G14,Asus,38000000,3,114000000
274,2024-08-28,Michael Paul,Surface Laptop 4,Microsoft,25000000,3,75000000
275,2024-10-26,Patrick Moore,ThinkPad X1 Carbon,Lenovo,32000000,3,96000000
276,2024-09-08,Sandra Gilbert,MacBook Pro 14,Apple,45000000,2,90000000
277,2025-03-30,Amanda Wood,LG Gram 17,LG,27000000,3,81000000
278,2024-09-19,David Cox,Razer Blade 15,Razer,42000000,2,84000000
279,2024-12-22,Steven Newman,MacBook Pro 14,Apple,45000000,1,45000000
280,2024-04-23,Colton Martinez,Acer Predator Helios 300,Acer,34000000,1,34000000
281,2025-02-23,Anna Lewis,ROG Zephyrus G14,Asus,38000000,1,38000000
282,2024-12-04,Alison Buchanan,Laptop XPS 15,Dell,30000000,1,30000000
283,2024-07-03,Rachel Harris DVM,ROG Zephyrus G14,Asus,38000000,2,76000000
284,2024-11-01,Daniel Kane,Razer Blade 15,Razer,42000000,1,42000000
285,2024-08-05,Rachel Carlson,Surface Laptop 4,Microsoft,25000000,2,50000000
286,2024-07-16,Brianna Anderson,Razer Blade 15,Razer,42000000,1,42000000
287,2024-07-06,Ashley Delacruz,HP Spectre x360,HP,28000000,2,56000000
288,2024-05-21,Richard Young,HP Spectre x360,HP,28000000,1,28000000
289,2024-08-03,Derek Martinez,ThinkPad X1 Carbon,Lenovo,32000000,3,96000000
290,2024-09-10,Nichole Alvarez,Laptop XPS 15,Dell,30000000,1,30000000
291,2025-01-27,Kevin Hayes,HP Spectre x360,HP,28000000,1,28000000
292,2024-06-25,Amanda Logan,ThinkPad X1 Carbon,Lenovo,32000000,3,96000000
293,2025-03-02,Elizabeth Schneider,LG Gram 17,LG,27000000,2,54000000
294,2024-04-12,John Morales,Laptop XPS 15,Dell,30000000,3,90000000
295,2024-12-22,Micheal Wallace,ROG Zephyrus G14,Asus,38000000,1,38000000
296,2025-03-15,Lee Jones,Surface Laptop 4,Microsoft,25000000,1,25000000
297,2024-07-15,Lauren Joseph,Surface Laptop 4,Microsoft,25000000,3,75000000
298,2024-08-25,Kerry Chavez DDS,LG Gram 17,LG,27000000,3,81000000
299,2024-05-08,Ashley Pena,Razer Blade 15,Razer,42000000,2,84000000
300,2025-03-06,Michelle Lewis,Surface Laptop 4,Microsoft,25000000,3,75000000
301,2024-09-22,Jennifer Wilcox,LG Gram 17,LG,27000000,2,54000000
302,2024-09-01,Brandon Simmons,LG Gram 17,LG,27000000,2,54000000
303,2024-12-14,Troy Mcdaniel,ThinkPad X1 Carbon,Lenovo,32000000,3,96000000
304,2024-10-01,Ronald Davis,Surface Laptop 4,Microsoft,25000000,2,50000000
305,2024-05-07,Jacqueline Anderson,Acer Predator Helios 300,Acer,34000000,1,34000000
306,2024-04-23,Kristina Rivera,Acer Predator Helios 300,Acer,34000000,3,102000000
307,2024-05-17,Shane Pugh,Surface Laptop 4,Microsoft,25000000,3,75000000
308,2024-09-11,Michelle Schmitt,ROG Zephyrus G14,Asus,38000000,2,76000000
309,2024-11-19,Brian Romero,Surface Laptop 4,Microsoft,25000000,1,25000000
310,2024-05-30,Courtney Rodriguez,Acer Predator Helios 300,Acer,34000000,1,34000000
311,2025-02-22,Ashley Ramirez,Acer Predator Helios 300,Acer,34000000,2,68000000
312,2024-06-26,Sarah Villegas,MSI GS66 Stealth,MSI,36000000,3,108000000
313,2025-02-11,Megan Hawkins,MacBook Pro 14,Apple,45000000,1,45000000
314,2024-11-22,Sandra Adams,ThinkPad X1 Carbon,Lenovo,32000000,1,32000000
315,2024-06-09,Phillip Dorsey,HP Spectre x360,HP,28000000,3,84000000
316,2024-08-14,Sergio Knight,ThinkPad X1 Carbon,Lenovo,32000000,3,96000000
317,2024-09-02,Patrick Bonilla,ROG Zephyrus G14,Asus,38000000,1,38000000
318,2024-05-05,Cindy Barnes,HP Spectre x360,HP,28000000,2,56000000
319,2024-08-10,Eric Nguyen,MSI GS66 Stealth,MSI,36000000,3,108000000
320,2025-03-31,Angela Williams,Surface Laptop 4,Microsoft,25000000,2,50000000
321,2024-05-31,Amber Miller,Laptop XPS 15,Dell,30000000,1,30000000
322,2024-09-19,Karla Ramos,HP Spectre x360,HP,28000000,2,56000000
323,2024-07-15,Jose Reed,Razer Blade 15,Razer,42000000,3,126000000
324,2024-05-13,Michael Tucker,Laptop XPS 15,Dell,30000000,3,90000000
325,2024-12-15,Daniel Joyce,HP Spectre x360,HP,28000000,2,56000000
326,2024-04-21,Eric Clark,Laptop XPS 15,Dell,30000000,2,60000000
327,2024-05-23,Donna Wilson,Acer Predator Helios 300,Acer,34000000,2,68000000
328,2024-10-10,Casey James,HP Spectre x360,HP,28000000,3,84000000
329,2024-12-29,Justin Barnett,LG Gram 17,LG,27000000,3,81000000
330,2024-08-15,Scott Williams,ROG Zephyrus G14,Asus,25000,2,76000000
331,2024-04-07,Blake Edwards,ROG Zephyrus G14,Asus,38000000,2,76000000
332,2024-09-13,Michelle Butler,HP Spectre x360,HP,28000000,2,56000000
333,2024-05-14,Vincent Jackson,Laptop XPS 15,Dell,30000000,2,60000000
334,2024-11-26,Michael Cox,MSI GS66 Stealth,MSI,36000000,3,108000000
335,2024-09-16,Dana Chapman,HP Spectre x360,HP,28000000,3,84000000
336,2024-10-20,Seth Reese,ThinkPad X1 Carbon,Lenovo,32000000,2,64000000
337,2024-06-25,Christopher Dixon,ThinkPad X1 Carbon,Lenovo,32000000,3,96000000
338,2024-05-14,Cheyenne Parsons,LG Gram 17,LG,27000000,1,27000000
339,2024-08-14,Sabrina Briggs,HP Spectre x360,HP,28000000,3,84000000
340,2024-06-30,David Thompson,Razer Blade 15,Razer,42000000,3,126000000
341,2024-05-29,Mary Thompson,Laptop XPS 15,Dell,30000000,1,30000000
342,2025-01-25,Julie Elliott,HP Spectre x360,HP,28000000,1,28000000
343,2024-11-11,Thomas Cunningham,Surface Laptop 4,Microsoft,25000000,1,25000000
344,2024-12-02,Mrs. Tricia Stewart,Laptop XPS 15,Dell,30000000,2,60000000
345,2024-09-17,Jeremy Turner,HP Spectre x360,HP,28000000,2,56000000
346,2024-07-15,Heather Jones,ROG Zephyrus G14,Asus,38000000,2,76000000
347,2024-09-26,Anthony Decker,MSI GS66 Stealth,MSI,36000000,2,72000000
348,2024-04-29,Vanessa Davis,HP Spectre x360,HP,28000000,2,56000000
349,2024-11-16,Julie Spencer,HP Spectre x360,HP,28000000,2,56000000
350,2025-02-01,Amanda Stout,MacBook Pro 14,Apple,45000000,2,90000000
351,2024-11-08,Erica Alvarez,Laptop XPS 15,Dell,30000000,3,90000000
352,2024-05-28,Joanna Shepherd,LG Gram 17,LG,27000000,1,27000000
353,2025-02-19,Miguel Wagner,MSI GS66 Stealth,MSI,36000000,1,36000000
354,2024-06-06,Michael Ritter,MacBook Pro 14,Apple,45000000,3,135000000
355,2024-10-20,Caitlin Watson,Laptop XPS 15,Dell,30000000,1,30000000
356,2024-07-18,Raymond Shelton,ROG Zephyrus G14,Asus,38000000,1,38000000
357,2024-04-20,Maria Jones,Laptop XPS 15,Dell,30000000,3,90000000
358,2024-05-06,Jasmine King,ThinkPad X1 Carbon,Lenovo,32000000,1,32000000
359,2025-02-24,Susan Marks,ThinkPad X1 Carbon,Lenovo,32000000,2,64000000
360,2024-08-07,Matthew Rangel,MacBook Pro 14,Apple,45000000,3,135000000
361,2024-07-29,Melissa Myers,ROG Zephyrus G14,Asus,38000000,2,76000000
362,2024-11-17,Angela Hansen,Acer Predator Helios 300,Acer,34000000,2,68000000
363,2024-12-05,Robin Santiago,ThinkPad X1 Carbon,Lenovo,32000000,3,96000000
364,2025-02-15,Yolanda Gaines,Razer Blade 15,Razer,42000000,3,126000000
365,2024-05-06,Jessica Cox,MacBook Pro 14,Apple,45000000,1,45000000
366,2024-08-18,Trevor Peterson,Acer Predator Helios 300,Acer,34000000,1,34000000
367,2025-01-22,Mr. Chad Jones,Razer Blade 15,Razer,42000000,1,42000000
368,2025-02-21,Katie Fernandez,Acer Predator Helios 300,Acer,34000000,3,102000000
369,2025-01-11,Amanda Rogers,HP Spectre x360,HP,28000000,2,56000000
370,2025-01-22,Linda Moore,ROG Zephyrus G14,Asus,38000000,1,38000000
371,2024-06-09,Patricia Lamb,Razer Blade 15,Razer,42000000,3,126000000
372,2024-06-03,Amanda Diaz,ROG Zephyrus G14,Asus,38000000,1,38000000
373,2025-01-04,Jeremy Mitchell,Acer Predator Helios 300,Acer,34000000,3,102000000
374,2025-01-15,Cynthia Allen,Razer Blade 15,Razer,42000000,1,42000000
375,2025-02-08,Stephanie Lee,Razer Blade 15,Razer,42000000,1,42000000
376,2024-12-19,Victoria Murray,MSI GS66 Stealth,MSI,36000000,3,108000000
377,2024-07-18,Kathryn Barnes,HP Spectre x360,HP,28000000,3,84000000
378,2024-06-01,Rebecca Taylor,MSI GS66 Stealth,MSI,36000000,1,36000000
379,2024-07-06,John Watson,LG Gram 17,LG,27000000,3,81000000
380,2025-03-28,Ryan Rosales,MSI GS66 Stealth,MSI,36000000,1,36000000
381,2024-07-19,Christopher Cole,HP Spectre x360,HP,28000000,2,56000000
382,2024-10-16,Jeffrey Potts,MacBook Pro 14,Apple,45000000,2,90000000
383,2024-06-25,Stacey Arias,MSI GS66 Stealth,MSI,36000000,3,108000000
384,2024-09-08,Jonathan Young,Surface Laptop 4,Microsoft,25000000,3,75000000
385,2024-05-01,Alfred Galvan,ThinkPad X1 Carbon,Lenovo,32000000,2,64000000
386,2025-02-19,Gabriela Thomas,ThinkPad X1 Carbon,Lenovo,32000000,3,96000000
387,2024-04-14,Ronald Horton,LG Gram 17,LG,27000000,3,81000000
388,2024-05-23,Julie Gilbert,Acer Predator Helios 300,Acer,34000000,3,102000000
389,2025-03-17,David Conley,LG Gram 17,LG,27000000,2,54000000
390,2024-10-30,Lisa Henderson,Surface Laptop 4,Microsoft,25000000,2,50000000
391,2025-01-26,Eric Williams,Razer Blade 15,Razer,42000000,2,84000000
392,2024-09-10,Lisa Brown,MSI GS66 Stealth,MSI,36000000,1,36000000
393,2025-02-18,Linda Smith,MacBook Pro 14,Apple,45000000,2,90000000
394,2024-10-17,Michelle Carter,Surface Laptop 4,Microsoft,25000000,1,25000000
395,2024-03-31,Cynthia Butler,Surface Laptop 4,Microsoft,25000000,3,75000000
396,2024-12-14,Kelly Ward,Razer Blade 15,Razer,42000000,3,126000000
397,2024-10-21,Rachel Romero,HP Spectre x360,HP,28000000,2,56000000
398,2024-04-07,John Reid,Laptop XPS 15,Dell,30000000,2,60000000
399,2024-08-22,Alan Kramer,MSI GS66 Stealth,MSI,36000000,1,36000000
400,2024-08-11,Matthew Garcia,Surface Laptop 4,Microsoft,25000000,1,25000000
401,2024-11-11,Evelyn Williams,MSI GS66 Stealth,MSI,36000000,2,72000000
402,2024-10-29,Marvin Greer,MSI GS66 Stealth,MSI,36000000,2,72000000
403,2024-12-21,Michael Welch,Razer Blade 15,Razer,42000000,3,126000000
404,2025-02-09,Mike Acevedo,Acer Predator Helios 300,Acer,34000000,3,102000000
405,2024-04-14,Andrew Gonzalez,Laptop XPS 15,Dell,30000000,3,90000000
406,2024-04-16,Eric Sanders,ROG Zephyrus G14,Asus,38000000,1,38000000
407,2025-02-10,Dawn Mullins,ROG Zephyrus G14,Asus,38000000,3,114000000
408,2024-06-13,Scott Williams,HP Spectre x360,HP,28000000,2,56000000
409,2024-12-10,Caleb Richardson,LG Gram 17,LG,27000000,1,27000000
410,2025-03-11,Jeremiah Huber,Surface Laptop 4,Microsoft,25000000,3,75000000
411,2024-08-09,Kathleen Jimenez,Surface Laptop 4,Microsoft,25000000,2,50000000
412,2025-03-24,Debra Miller,Laptop XPS 15,Dell,30000000,1,30000000
413,2024-09-11,Lance Short,Acer Predator Helios 300,Acer,34000000,1,34000000
414,2024-10-28,Brian Murphy,HP Spectre x360,HP,28000000,3,84000000
415,2024-07-23,Lance Simmons,ROG Zephyrus G14,Asus,38000000,2,76000000
416,2024-12-23,Jeremy Acosta,Razer Blade 15,Razer,42000000,2,84000000
417,2025-03-20,Zachary Hill,Surface Laptop 4,Microsoft,25000000,3,75000000
418,2025-02-01,Angela Walsh,LG Gram 17,LG,27000000,2,54000000
419,2024-08-19,Nicole Moore,HP Spectre x360,HP,28000000,3,84000000
420,2024-04-12,Lawrence Harrington,LG Gram 17,LG,27000000,2,54000000
421,2024-04-13,David Brewer,MSI GS66 Stealth,MSI,36000000,3,108000000
422,2024-08-18,Keith Jacobs,Surface Laptop 4,Microsoft,25000000,2,50000000
423,2024-12-19,Jacob Wallace,Acer Predator Helios 300,Acer,34000000,2,68000000
424,2024-04-29,Kendra Sanders,ROG Zephyrus G14,Asus,38000000,1,38000000
425,2024-12-08,Tyler Johnson,ROG Zephyrus G14,Asus,38000000,2,76000000
426,2024-06-11,Mr. Justin Green III,MacBook Pro 14,Apple,45000000,3,135000000
427,2024-09-20,Logan Benson,LG Gram 17,LG,27000000,3,81000000
428,2024-10-07,Chad Jones,ThinkPad X1 Carbon,Lenovo,32000000,1,32000000
429,2024-06-06,Jill Miller,ROG Zephyrus G14,Asus,38000000,3,114000000
430,2024-12-20,Victoria Contreras,Surface Laptop 4,Microsoft,25000000,2,50000000
431,2024-12-31,Joshua Vance,Razer Blade 15,Razer,42000000,3,126000000
432,2025-02-24,Michael Graves,Razer Blade 15,Razer,42000000,2,84000000
433,2024-06-06,Katie Martinez,MacBook Pro 14,Apple,45000000,1,45000000
434,2024-06-17,Cynthia Snyder,Acer Predator Helios 300,Acer,34000000,1,34000000
435,2024-08-18,Jackie Lara,MSI GS66 Stealth,MSI,36000000,1,36000000
436,2024-10-31,Stephen Jones,Acer Predator Helios 300,Acer,34000000,1,34000000
437,2024-09-01,Dr. Kelly Hammond DVM,LG Gram 17,LG,27000000,1,27000000
438,2024-04-28,Evan Jones,Acer Predator Helios 300,Acer,34000000,1,34000000
439,2024-09-27,Haley Humphrey,Laptop XPS 15,Dell,30000000,3,90000000
440,2025-01-28,Laurie Saunders,Acer Predator Helios 300,Acer,34000000,3,102000000
441,2024-05-20,Thomas Brown,ThinkPad X1 Carbon,Lenovo,32000000,3,96000000
442,2024-05-18,Elizabeth Martin,Surface Laptop 4,Microsoft,25000000,1,25000000
443,2025-03-29,Hannah Everett,Laptop XPS 15,Dell,30000000,3,90000000
444,2025-03-13,Blake Gonzalez,Acer Predator Helios 300,Acer,34000000,2,68000000
445,2024-10-30,Mario Mendez,Surface Laptop 4,Microsoft,25000000,2,50000000
446,2024-05-06,Caroline David,MSI GS66 Stealth,MSI,36000000,1,36000000
447,2024-05-29,Marcus Winters,Laptop XPS 15,Dell,30000000,2,60000000
448,2024-08-09,Kristy Bryan,Surface Laptop 4,Microsoft,25000000,1,25000000
449,2024-04-11,Travis Wise,MacBook Pro 14,Apple,45000000,2,90000000
450,2024-07-11,Pamela Butler,Surface Laptop 4,Microsoft,25000000,1,25000000
451,2024-12-04,Stephen Gardner,Razer Blade 15,Razer,42000000,3,126000000
452,2024-12-05,Karen Ballard,Laptop XPS 15,Dell,30000000,1,30000000
453,2024-12-22,Jesse Barker,ThinkPad X1 Carbon,Lenovo,32000000,3,96000000
454,2024-05-31,John Harris,Acer Predator Helios 300,Acer,34000000,1,34000000
455,2024-11-21,Scott Flores,ROG Zephyrus G14,Asus,38000000,1,38000000
456,2025-02-28,James Hodges,LG Gram 17,LG,27000000,2,54000000
457,2024-10-16,Emma Owens,Razer Blade 15,Razer,42000000,3,126000000
458,2024-07-12,Charles Williams,Razer Blade 15,Razer,42000000,1,42000000
459,2024-08-27,Jennifer Estes,LG Gram 17,LG,27000000,2,54000000
460,2025-03-16,Garrett Lane,Surface Laptop 4,Microsoft,25000000,2,50000000
461,2024-07-30,Christopher Ferrell,Acer Predator Helios 300,Acer,34000000,3,102000000
462,2024-09-28,Mr. Alexander Landry MD,HP Spectre x360,HP,28000000,2,56000000
463,2024-07-02,Harry Williams,Razer Blade 15,Razer,42000000,3,126000000
464,2024-10-09,Sarah Chambers,Laptop XPS 15,Dell,30000000,3,90000000
465,2024-07-19,Sarah Jordan,MacBook Pro 14,Apple,45000000,1,45000000
466,2025-03-08,Jacob Powell,ROG Zephyrus G14,Asus,38000000,2,76000000
467,2024-04-17,Kelly Lee,MacBook Pro 14,Apple,45000000,1,45000000
468,2024-10-31,James Cole,ROG Zephyrus G14,Asus,38000000,1,38000000
469,2024-10-30,William Becker,LG Gram 17,LG,27000000,1,27000000
470,2024-05-16,Brent Brooks,ThinkPad X1 Carbon,Lenovo,32000000,1,32000000
471,2024-08-09,Holly Thomas,HP Spectre x360,HP,28000000,2,56000000
472,2024-11-19,Kathryn Williams,Razer Blade 15,Razer,42000000,2,84000000
473,2024-05-23,Regina Stone,Acer Predator Helios 300,Acer,34000000,1,34000000
474,2024-05-27,Kaylee Murphy,ROG Zephyrus G14,Asus,38000000,2,76000000
475,2024-11-24,James Jensen,Acer Predator Helios 300,Acer,34000000,3,102000000
476,2025-02-21,George Clayton,Surface Laptop 4,Microsoft,25000000,1,25000000
477,2024-10-23,Justin Wells Jr.,ROG Zephyrus G14,Asus,38000000,2,76000000
478,2024-08-06,Veronica Silva,Razer Blade 15,Razer,42000000,3,126000000
479,2025-02-03,Shelby Soto,ROG Zephyrus G14,Asus,38000000,2,76000000
480,2024-11-17,Walter Patton,MacBook Pro 14,Apple,45000000,3,135000000
481,2025-01-26,Crystal Williams,ROG Zephyrus G14,Asus,38000000,3,114000000
482,2024-10-03,Mark Harvey,ThinkPad X1 Carbon,Lenovo,32000000,2,64000000
483,2025-02-20,Roberto Allen,ThinkPad X1 Carbon,Lenovo,32000000,1,32000000
484,2024-11-08,Ashley Smith,Laptop XPS 15,Dell,30000000,1,30000000
485,2024-07-30,Jason Harris,Acer Predator Helios 300,Acer,34000000,3,102000000
486,2024-10-11,Tami Salas,Razer Blade 15,Razer,42000000,2,84000000
487,2025-01-10,Michele Stone,Surface Laptop 4,Microsoft,25000000,1,25000000
488,2024-11-03,Matthew Fox,Surface Laptop 4,Microsoft,25000000,3,75000000
489,2024-07-30,Julia Patel,Acer Predator Helios 300,Acer,34000000,3,102000000
490,2024-10-29,Raymond Le,HP Spectre x360,HP,28000000,2,56000000
491,2024-12-05,Deborah Washington,LG Gram 17,LG,27000000,3,81000000
492,2024-07-04,Edwin David,Surface Laptop 4,Microsoft,25000000,2,50000000
493,2024-07-24,Michele Vaughn,MacBook Pro 14,Apple,45000000,3,135000000
494,2024-10-06,Gregory Peck,Laptop XPS 15,Dell,30000000,2,60000000
495,2025-02-02,Donna Berry,MSI GS66 Stealth,MSI,36000000,3,108000000
496,2024-10-27,William Cardenas,Acer Predator Helios 300,Acer,34000000,1,34000000
497,2025-01-25,Donna Roberts,MacBook Pro 14,Apple,45000000,1,45000000
498,2025-01-02,Thomas Douglas,Razer Blade 15,Razer,42000000,3,126000000
499,2025-01-15,Dale Ryan,Laptop XPS 15,Dell,30000000,3,90000000
500,2025-03-28,Denise Rodriguez,Acer Predator Helios 300,Acer,34000000,3,102000000
501,2025-01-12,Dana Santiago,Laptop XPS 15,Dell,30000000,1,30000000
502,2024-10-23,David Garcia,Surface Laptop 4,Microsoft,25000000,3,75000000
503,2024-08-06,Ashlee Townsend,Surface Laptop 4,Microsoft,25000000,2,50000000
504,2024-04-02,Vanessa Moore,ThinkPad X1 Carbon,Lenovo,32000000,3,96000000
505,2024-12-09,Sherry Woods,HP Spectre x360,HP,28000000,3,84000000
506,2024-06-16,Donna Mitchell,Surface Laptop 4,Microsoft,25000000,1,25000000
507,2024-04-22,Ann Andrews,Surface Laptop 4,Microsoft,25000000,2,50000000
508,2024-10-24,Sarah Johnson,HP Spectre x360,HP,28000000,2,56000000
509,2025-03-23,Stephen Thompson,MSI GS66 Stealth,MSI,36000000,3,108000000
510,2025-03-23,Russell French,MacBook Pro 14,Apple,45000000,1,45000000
511,2024-06-11,Tonya Howe,MSI GS66 Stealth,MSI,36000000,2,72000000
512,2025-03-06,Edwin Morrison,Surface Laptop 4,Microsoft,3,2,50000000
513,2025-03-26,Mrs. Virginia Daniels,HP Spectre x360,HP,28000000,3,84000000
514,2024-10-08,Brandi Gordon,Laptop XPS 15,Dell,30000000,2,60000000
515,2024-07-14,Brian Martin,MacBook Pro 14,Apple,45000000,2,90000000
516,2024-09-25,Michelle Smith,Acer Predator Helios 300,Acer,34000000,2,68000000
517,2024-08-08,Laura Todd,MacBook Pro 14,Apple,45000000,2,90000000
518,2024-06-07,Margaret Sullivan,LG Gram 17,LG,27000000,1,27000000
519,2024-09-13,Angie Caldwell,LG Gram 17,LG,27000000,2,54000000
520,2024-06-10,Mrs. Taylor Smith,HP Spectre x360,HP,28000000,1,28000000
521,2024-08-26,Paul Finley,ROG Zephyrus G14,Asus,38000000,3,114000000
522,2024-07-26,Laura Green,MSI GS66 Stealth,MSI,36000000,3,108000000
523,2024-08-17,Amy Wilson,Surface Laptop 4,Microsoft,25000000,3,75000000
524,2024-07-28,Michael Leblanc,Surface Laptop 4,Microsoft,25000000,1,25000000
525,2025-03-10,Emily Wilson,ROG Zephyrus G14,Asus,38000000,2,76000000
526,2025-03-21,Holly Walker,LG Gram 17,LG,27000000,1,27000000
527,2024-05-21,Jesse Zhang,Acer Predator Helios 300,Acer,34000000,2,68000000
528,2024-08-23,Joshua Ruiz,Surface Laptop 4,Microsoft,25000000,1,25000000
529,2024-10-25,Samantha Gill,Laptop XPS 15,Dell,30000000,3,90000000
530,2024-12-20,Shelley Miller,Razer Blade 15,Razer,42000000,1,42000000
531,2024-09-20,Heidi Stark,ThinkPad X1 Carbon,Lenovo,32000000,2,64000000
532,2024-05-13,Joshua Wagner,LG Gram 17,LG,27000000,1,27000000
533,2024-11-08,Carmen Bond,LG Gram 17,LG,27000000,2,54000000
534,2024-09-18,Daniel Aguilar,MacBook Pro 14,Apple,45000000,1,45000000
535,2024-05-05,Jill Brown,MacBook Pro 14,Apple,45000000,2,90000000
536,2024-05-21,Joyce Brown,MacBook Pro 14,Apple,45000000,3,135000000
537,2024-09-26,Elizabeth Johnson,ThinkPad X1 Carbon,Lenovo,32000000,2,64000000
538,2024-07-07,Nichole Lane,Acer Predator Helios 300,Acer,34000000,3,102000000
539,2024-04-17,Michael Weaver,Acer Predator Helios 300,Acer,34000000,2,68000000
540,2024-04-23,Andrea Peck,Surface Laptop 4,Microsoft,25000000,2,50000000
541,2024-04-12,Christopher Taylor,ROG Zephyrus G14,Asus,38000000,2,76000000
542,2024-12-05,Maria Fisher,LG Gram 17,LG,27000000,1,27000000
543,2025-03-12,Sergio Knox,HP Spectre x360,HP,28000000,1,28000000
544,2024-08-23,Victor Baxter,Razer Blade 15,Razer,42000000,3,126000000
545,2024-05-21,Hannah White,ThinkPad X1 Carbon,Lenovo,32000000,1,32000000
546,2024-10-25,Cameron Irwin,Acer Predator Helios 300,Acer,34000000,2,68000000
547,2025-02-18,Alexander Evans,MSI GS66 Stealth,MSI,36000000,3,108000000
548,2024-12-17,Jessica Gray,Acer Predator Helios 300,Acer,34000000,1,34000000
549,2024-06-28,Gregory Hill,Acer Predator Helios 300,Acer,34000000,3,102000000
550,2025-03-30,Pamela Johnson,Acer Predator Helios 300,Acer,34000000,3,102000000
551,2024-12-12,Ralph Stephenson,Razer Blade 15,Razer,42000000,3,126000000
552,2024-04-06,Austin Wheeler,Surface Laptop 4,Microsoft,25000000,1,25000000
553,2024-09-20,Michele Williams,Surface Laptop 4,Microsoft,25000000,3,75000000
554,2025-01-12,Jeffrey Fernandez,Surface Laptop 4,Microsoft,25000000,2,50000000
555,2025-01-17,Amy Gordon,MSI GS66 Stealth,MSI,36000000,3,108000000
556,2024-07-21,Thomas Johnston,LG Gram 17,LG,27000000,2,54000000
557,2024-11-10,Megan Flores,Surface Laptop 4,Microsoft,25000000,2,50000000
558,2024-07-26,Victoria Boyd,ROG Zephyrus G14,Asus,38000000,3,114000000
559,2024-09-07,Antonio Fry,ROG Zephyrus G14,Asus,38000000,3,114000000
560,2025-03-07,Casey Shelton,HP Spectre x360,HP,28000000,1,28000000
561,2024-11-01,William David DDS,HP Spectre x360,HP,28000000,1,28000000
562,2025-01-30,Melissa Russell,MSI GS66 Stealth,MSI,36000000,3,108000000
563,2024-07-25,Paul Wells,Surface Laptop 4,Microsoft,25000000,3,75000000
564,2025-02-23,Scott Thomas,HP Spectre x360,HP,28000000,2,56000000
565,2024-09-26,Kristina Faulkner,ThinkPad X1 Carbon,Lenovo,32000000,2,64000000
566,2024-11-02,Jasmine Scott,Laptop XPS 15,Dell,30000000,1,30000000
567,2024-08-06,Tammy Boone,LG Gram 17,LG,27000000,3,81000000
568,2024-05-05,Sandra Williams,MSI GS66 Stealth,MSI,36000000,1,36000000
569,2024-08-24,Lindsey Russo,Surface Laptop 4,Microsoft,25000000,1,25000000
570,2024-06-12,Laurie Powers,LG Gram 17,LG,27000000,2,54000000
571,2024-06-23,Sean Cook,Laptop XPS 15,Dell,30000000,3,90000000
572,2025-03-19,Timothy Hayden,ThinkPad X1 Carbon,Lenovo,32000000,2,64000000
573,2024-05-15,Nicole Rocha,ThinkPad X1 Carbon,Lenovo,32000000,1,32000000
574,2024-12-26,Christine Herman,Surface Laptop 4,Microsoft,25000000,2,50000000
575,2024-10-31,Douglas Owens,MSI GS66 Stealth,MSI,36000000,3,108000000
576,2024-12-07,Dennis Hunt,HP Spectre x360,HP,28000000,3,84000000
577,2024-10-10,Robert Bowen,MacBook Pro 14,Apple,45000000,2,90000000
578,2025-01-20,Suzanne Wood,LG Gram 17,LG,27000000,2,54000000
579,2024-09-07,Sean Figueroa,MSI GS66 Stealth,MSI,36000000,3,108000000
580,2024-04-06,Timothy Riley,Surface Laptop 4,Microsoft,25000000,3,75000000
581,2024-09-09,Craig Hall,Laptop XPS 15,Dell,30000000,3,90000000
582,2024-11-07,Kathryn Pena,MacBook Pro 14,Apple,45000000,1,45000000
583,2024-12-21,Phillip Burns,Acer Predator Helios 300,Acer,34000000,1,34000000
584,2025-01-06,Katherine Jackson,MacBook Pro 14,Apple,45000000,2,90000000
585,2025-02-02,Charles Payne,MacBook Pro 14,Apple,45000000,3,135000000
586,2024-06-10,Kimberly May,MacBook Pro 14,Apple,45000000,2,90000000
587,2024-04-22,Sara Jones,ThinkPad X1 Carbon,Lenovo,32000000,3,96000000
588,2025-02-11,Pamela Gutierrez,Acer Predator Helios 300,Acer,34000000,1,34000000
589,2025-02-21,Andrea Hernandez,Laptop XPS 15,Dell,30000000,2,60000000
590,2024-06-23,Jacqueline Williamson,Laptop XPS 15,Dell,30000000,2,60000000
591,2024-12-14,Susan Hopkins,MSI GS66 Stealth,MSI,36000000,2,72000000
592,2024-04-06,Juan Smith,HP Spectre x360,HP,28000000,1,28000000
593,2024-10-22,Kimberly Mitchell,ROG Zephyrus G14,Asus,38000000,3,114000000
594,2024-10-12,Megan Drake,HP Spectre x360,HP,28000000,3,84000000
595,2025-03-19,Thomas Warren,ThinkPad X1 Carbon,Lenovo,32000000,1,32000000
596,2024-07-02,Joseph Ochoa,ThinkPad X1 Carbon,Lenovo,32000000,1,32000000
597,2024-07-12,Angela Chung,Razer Blade 15,Razer,42000000,2,84000000
598,2024-09-25,Wanda Perez,Razer Blade 15,Razer,42000000,3,126000000
599,2024-12-21,Angela Frey,ROG Zephyrus G14,Asus,38000000,2,76000000
600,2024-12-08,Anna Gray,Razer Blade 15,Razer,42000000,1,42000000
601,2024-10-31,Mark Warner,ROG Zephyrus G14,Asus,38000000,2,76000000
602,2024-05-02,Mr. Richard Knight PhD,Acer Predator Helios 300,Acer,34000000,2,68000000
603,2024-05-07,Tamara Hall,Acer Predator Helios 300,Acer,34000000,3,102000000
604,2025-03-16,Stacy Alvarez,Laptop XPS 15,Dell,30000000,2,60000000
605,2024-04-18,Melinda Ramirez,Acer Predator Helios 300,Acer,34000000,3,102000000
606,2024-10-27,Amanda Mcfarland,LG Gram 17,LG,27000000,1,27000000
607,2024-07-31,Daniel Thomas,MacBook Pro 14,Apple,45000000,2,90000000
608,2025-02-12,Jennifer Jones,MSI GS66 Stealth,MSI,36000000,3,108000000
609,2024-06-02,Lacey Atkinson,Acer Predator Helios 300,Acer,34000000,3,102000000
610,2024-12-18,Evelyn Campos,HP Spectre x360,HP,28000000,3,84000000
611,2024-05-24,Melissa Miller,Acer Predator Helios 300,Acer,34000000,2,68000000
612,2025-01-14,Amy Kim,Acer Predator Helios 300,Acer,34000000,1,34000000
613,2025-02-19,Larry Austin,HP Spectre x360,HP,28000000,2,56000000
614,2024-11-17,Raymond Johnson,MacBook Pro 14,Apple,45000000,1,45000000
615,2024-07-15,Joanne Perez,HP Spectre x360,HP,28000000,3,84000000
616,2024-10-31,Jessica Frazier,MSI GS66 Stealth,MSI,36000000,3,108000000
617,2024-12-12,Raymond Phillips,Acer Predator Helios 300,Acer,34000000,3,102000000
618,2024-07-04,Angela Moore,Acer Predator Helios 300,Acer,34000000,1,34000000
619,2025-01-01,Brittany Price,HP Spectre x360,HP,28000000,2,56000000
620,2024-08-18,Aaron Parker,Laptop XPS 15,Dell,30000000,3,90000000
621,2024-08-17,Ashley Miller,Laptop XPS 15,Dell,30000000,3,90000000
622,2024-09-14,Justin Russell,Surface Laptop 4,Microsoft,25000000,2,50000000
623,2024-04-10,Julian Carlson,ROG Zephyrus G14,Asus,38000000,3,114000000
624,2025-01-29,James Carter,MSI GS66 Stealth,MSI,36000000,1,36000000
625,2024-08-28,Misty Hansen,ROG Zephyrus G14,Asus,38000000,3,114000000
626,2024-07-03,Carolyn James,Acer Predator Helios 300,Acer,34000000,3,102000000
627,2024-05-23,Derrick Thomas,ThinkPad X1 Carbon,Lenovo,32000000,3,96000000
628,2024-06-03,Jason Washington,MacBook Pro 14,Apple,45000000,3,135000000
629,2024-04-29,Tony Le,Laptop XPS 15,Dell,30000000,2,60000000
630,2024-10-09,Christina Rodriguez,Surface Laptop 4,Microsoft,25000000,1,25000000
631,2024-07-27,James Skinner,Razer Blade 15,Razer,42000000,2,84000000
632,2024-08-25,Erin Cook,ThinkPad X1 Carbon,Lenovo,32000000,1,32000000
633,2025-02-10,Marilyn Wheeler,Acer Predator Helios 300,Acer,34000000,2,68000000
634,2024-07-25,Travis Harris,HP Spectre x360,HP,28000000,1,28000000
635,2024-07-31,James Flores,ROG Zephyrus G14,Asus,38000000,1,38000000
636,2025-01-10,Katherine Johnston,LG Gram 17,LG,27000000,2,54000000
637,2024-07-03,Douglas Hartman,LG Gram 17,LG,27000000,3,81000000
638,2024-08-19,Justin Vargas,Acer Predator Helios 300,Acer,34000000,1,34000000
639,2024-10-28,Randall Johnson,Acer Predator Helios 300,Acer,34000000,2,68000000
640,2025-01-07,Michael Gonzales,Acer Predator Helios 300,Acer,34000000,3,102000000
641,2024-07-22,Andrea Abbott,MSI GS66 Stealth,MSI,36000000,1,36000000
642,2025-02-02,Jonathan Schultz,Surface Laptop 4,Microsoft,25000000,1,25000000
643,2024-07-02,Christian Henderson,ThinkPad X1 Carbon,Lenovo,32000000,1,32000000
644,2024-08-24,William Mendoza,HP Spectre x360,HP,28000000,3,84000000
645,2024-09-02,Tammy Kane,MSI GS66 Stealth,MSI,36000000,1,36000000
646,2024-09-09,Rachel Ward,HP Spectre x360,HP,28000000,1,28000000
647,2025-03-13,Linda Rocha,Acer Predator Helios 300,Acer,34000000,3,102000000
648,2024-05-12,Mary Kelly,MacBook Pro 14,Apple,45000000,2,90000000
649,2024-12-07,Kristine Newman,MSI GS66 Stealth,MSI,36000000,3,108000000
650,2024-12-07,Paul Sheppard,Acer Predator Helios 300,Acer,34000000,3,102000000
651,2024-09-14,Brett Walker,HP Spectre x360,HP,28000000,3,84000000
652,2025-01-15,Lauren Johnston,MSI GS66 Stealth,MSI,36000000,1,36000000
653,2024-09-20,Joel Frazier,ROG Zephyrus G14,Asus,38000000,2,76000000
654,2024-12-24,Haley Johnson,Laptop XPS 15,Dell,30000000,3,90000000
655,2024-05-10,Thomas Miller,LG Gram 17,LG,27000000,2,54000000
656,2025-02-16,Brenda Collins,Razer Blade 15,Razer,42000000,1,42000000
657,2024-09-23,Kelly Bailey,MacBook Pro 14,Apple,45000000,3,135000000
658,2024-05-07,Michael Flores,Surface Laptop 4,Microsoft,25000000,3,75000000
659,2024-07-25,Michael Johnson,Acer Predator Helios 300,Acer,34000000,3,102000000
660,2024-08-11,Megan Martin,HP Spectre x360,HP,28000000,1,28000000
661,2025-01-12,Christopher Moore,ThinkPad X1 Carbon,Lenovo,32000000,1,32000000
662,2024-11-03,Joel Salinas,Laptop XPS 15,Dell,30000000,2,60000000
663,2024-11-30,Martin Reynolds,Surface Laptop 4,Microsoft,25000000,1,25000000
664,2024-04-11,Sonya Cole,MacBook Pro 14,Apple,45000000,1,45000000
665,2024-09-13,Michael Harris,LG Gram 17,LG,27000000,1,27000000
666,2025-01-17,Rebecca Ray,HP Spectre x360,HP,28000000,2,56000000
667,2025-02-04,Chelsea Nguyen,MSI GS66 Stealth,MSI,36000000,3,108000000
668,2024-09-24,Michael Burns,LG Gram 17,LG,27000000,2,54000000
669,2024-12-04,James Long,Razer Blade 15,Razer,42000000,3,126000000
670,2024-05-14,Ryan Williamson,ThinkPad X1 Carbon,Lenovo,32000000,2,64000000
671,2025-02-10,Rebecca Sellers,MacBook Pro 14,Apple,45000000,2,90000000
672,2024-11-15,Cesar Wilson,Razer Blade 15,Razer,42000000,2,84000000
673,2024-07-27,James Thomas,Acer Predator Helios 300,Acer,34000000,1,34000000
674,2024-08-28,Chad Reyes,MSI GS66 Stealth,MSI,36000000,1,36000000
675,2024-06-11,Mr. Thomas Arias,Surface Laptop 4,Microsoft,25000000,2,50000000
676,2024-06-06,Katherine Taylor,ROG Zephyrus G14,Asus,38000000,2,76000000
677,2024-07-31,Lisa Glenn,MacBook Pro 14,Apple,45000000,3,135000000
678,2024-04-03,Mr. James Hoffman,MSI GS66 Stealth,MSI,36000000,3,108000000
679,2024-12-09,Michael Perry PhD,MSI GS66 Stealth,MSI,36000000,1,36000000
680,2024-10-06,Keith Flynn,HP Spectre x360,HP,28000000,2,56000000
681,2024-06-24,Donald Medina,ROG Zephyrus G14,Asus,38000000,1,38000000
682,2024-06-04,Krystal Barton,Surface Laptop 4,Microsoft,25000000,1,25000000
683,2024-10-09,Ashley Wilson,ROG Zephyrus G14,Asus,38000000,3,114000000
684,2025-01-26,Wendy Weaver,Razer Blade 15,Razer,42000000,1,42000000
685,2025-01-18,Nathan Payne,Laptop XPS 15,Dell,30000000,2,60000000
686,2024-09-12,Ronald Potter,ROG Zephyrus G14,Asus,38000000,1,38000000
687,2024-07-24,Amanda Baker,Razer Blade 15,Razer,42000000,1,42000000
688,2025-02-28,Jessica Mcknight,MacBook Pro 14,Apple,45000000,3,135000000
689,2025-01-26,Christine Rojas,ROG Zephyrus G14,Asus,38000000,3,114000000
690,2024-12-23,Michael Chen,ROG Zephyrus G14,Asus,38000000,1,38000000
691,2024-06-03,Rachel Li,MSI GS66 Stealth,MSI,36000000,1,36000000
692,2025-02-06,Gregory Campbell,Razer Blade 15,Razer,42000000,1,42000000
693,2024-10-26,William Carter,Acer Predator Helios 300,Acer,34000000,1,34000000
694,2024-11-08,Scott Duke,ThinkPad X1 Carbon,Lenovo,32000000,3,96000000
695,2024-12-19,Brandy Brady,Acer Predator Helios 300,Acer,34000000,1,34000000
696,2024-09-06,Wendy Camacho,MacBook Pro 14,Apple,45000000,3,135000000
697,2024-05-19,Brandi Thomas,Laptop XPS 15,Dell,30000000,1,30000000
698,2024-08-03,Pam Lowe,Laptop XPS 15,Dell,30000000,2,60000000
699,2024-10-07,Mark Burton,ROG Zephyrus G14,Asus,38000000,3,114000000
700,2024-08-23,Mark Beard,MSI GS66 Stealth,MSI,36000000,1,36000000
701,2024-05-06,Paul Neal,ThinkPad X1 Carbon,Lenovo,32000000,2,64000000
702,2025-03-06,Travis Murphy,Laptop XPS 15,Dell,30000000,1,30000000
703,2024-03-31,Sarah Davis,HP Spectre x360,HP,28000000,3,84000000
704,2024-09-25,Melissa Horn,MacBook Pro 14,Apple,45000000,3,135000000
705,2025-02-03,Claudia Jordan,MacBook Pro 14,Apple,45000000,2,90000000
706,2024-06-21,Frank Campbell MD,Surface Laptop 4,Microsoft,25000000,2,50000000
707,2024-05-20,Karina Cooper,LG Gram 17,LG,27000000,3,81000000
708,2024-12-21,Amber Sims,MacBook Pro 14,Apple,45000000,2,90000000
709,2025-02-18,Caleb Mathews,LG Gram 17,LG,27000000,1,27000000
710,2024-09-18,William Patterson,Razer Blade 15,Razer,42000000,1,42000000
711,2024-12-23,Sonia Turner,LG Gram 17,LG,27000000,2,54000000
712,2025-03-05,Denise Pena,Surface Laptop 4,Microsoft,25000000,3,75000000
713,2024-07-06,Matthew Banks,Laptop XPS 15,Dell,30000000,1,30000000
714,2024-04-20,Eric Lyons,Surface Laptop 4,Microsoft,25000000,2,50000000
715,2024-06-29,Brandon Davis,HP Spectre x360,HP,28000000,3,84000000
716,2024-06-21,Casey Perez,MacBook Pro 14,Apple,45000000,2,90000000
717,2024-12-20,Adam Cooper,Surface Laptop 4,Microsoft,25000000,1,25000000
718,2024-05-16,Jennifer Anderson MD,MacBook Pro 14,Apple,45000000,2,90000000
719,2024-08-26,Robert Garcia,Razer Blade 15,Razer,42000000,1,42000000
720,2024-08-20,Breanna Ayala,MacBook Pro 14,Apple,45000000,1,45000000
721,2025-01-17,Margaret Byrd,Acer Predator Helios 300,Acer,34000000,3,102000000
722,2024-04-26,Alejandra Santos,Razer Blade 15,Razer,42000000,3,126000000
723,2024-09-17,Daniel Goodman,MSI GS66 Stealth,MSI,36000000,2,72000000
724,2025-03-23,Michael Heath,Razer Blade 15,Razer,42000000,3,126000000
725,2024-05-03,Brenda Martinez,Acer Predator Helios 300,Acer,34000000,2,68000000
726,2025-01-08,Victor Edwards,LG Gram 17,LG,27000000,3,81000000
727,2024-05-24,Matthew Wright,HP Spectre x360,HP,28000000,1,28000000
728,2024-11-19,Lisa Maxwell,MacBook Pro 14,Apple,45000000,3,135000000
729,2024-12-24,Ryan Liu,LG Gram 17,LG,27000000,3,81000000
730,2024-06-18,Katrina Adkins,ROG Zephyrus G14,Asus,38000000,2,76000000
731,2024-07-23,Rachel Leon,Surface Laptop 4,Microsoft,25000000,1,25000000
732,2024-07-01,Brian Porter MD,HP Spectre x360,HP,28000000,2,56000000
733,2024-10-22,Alexandria Ward,Surface Laptop 4,Microsoft,25000000,2,50000000
734,2024-07-31,Scott Carroll,HP Spectre x360,HP,28000000,3,84000000
735,2024-08-19,Carrie Ruiz,MacBook Pro 14,Apple,45000000,2,90000000
736,2025-01-24,Kevin Smith,HP Spectre x360,HP,28000000,2,56000000
737,2024-06-22,Antonio Mccormick,Acer Predator Helios 300,Acer,34000000,2,68000000
738,2024-10-13,Micheal Wang,ThinkPad X1 Carbon,Lenovo,32000000,3,96000000
739,2024-09-11,Angela Herrera,Surface Laptop 4,Microsoft,25000000,1,25000000
740,2024-11-25,Bradley Miller,MacBook Pro 14,Apple,45000000,1,45000000
741,2025-03-23,Robert Herrera,MacBook Pro 14,Apple,45000000,2,90000000
742,2024-08-29,Pamela Santos,MacBook Pro 14,Apple,45000000,3,135000000
743,2024-12-05,Michael Blair,MSI GS66 Stealth,MSI,36000000,1,36000000
744,2025-02-22,David Middleton,LG Gram 17,LG,27000000,1,27000000
745,2024-05-15,Lee Parker,Razer Blade 15,Razer,42000000,3,126000000
746,2025-01-13,Casey Smith,LG Gram 17,LG,27000000,2,54000000
747,2024-05-23,Carla Benton,MacBook Pro 14,Apple,45000000,2,90000000
748,2024-10-20,Samantha Green,MSI GS66 Stealth,MSI,36000000,3,108000000
749,2024-08-22,Richard Adams,HP Spectre x360,HP,28000000,3,84000000
750,2025-03-10,Steven Rogers,Laptop XPS 15,Dell,30000000,2,60000000
751,2024-09-13,Austin Joseph,Razer Blade 15,Razer,42000000,2,84000000
752,2024-11-09,Kathleen Dixon,MSI GS66 Stealth,MSI,36000000,1,36000000
753,2024-04-21,Mr. Jacob Scott Jr.,Razer Blade 15,Razer,42000000,3,126000000
754,2024-11-08,Ashley Yang,ROG Zephyrus G14,Asus,38000000,1,38000000
755,2024-03-31,Scott Sanchez,Surface Laptop 4,Microsoft,25000000,1,25000000
756,2024-09-30,Thomas White,MacBook Pro 14,Apple,45000000,2,90000000
757,2025-02-27,Robert Klein,LG Gram 17,LG,27000000,2,54000000
758,2024-12-10,Frank Butler,MacBook Pro 14,Apple,45000000,2,90000000
759,2025-01-04,Roger Duncan,Razer Blade 15,Razer,42000000,1,42000000
760,2024-05-16,Stephanie White,HP Spectre x360,HP,28000000,3,84000000
761,2025-02-06,Amber Morales,Razer Blade 15,Razer,42000000,3,126000000
762,2025-03-06,Douglas Kirk,LG Gram 17,LG,27000000,1,27000000
763,2024-08-05,Jesus Wood,Razer Blade 15,Razer,42000000,3,126000000
764,2024-07-22,Elizabeth Dean,Acer Predator Helios 300,Acer,34000000,1,34000000
765,2024-09-27,Wesley Cuevas,ThinkPad X1 Carbon,Lenovo,32000000,2,64000000
766,2025-01-26,Steven Hodges,Acer Predator Helios 300,Acer,34000000,2,68000000
767,2024-07-04,Timothy Johnson,MSI GS66 Stealth,MSI,36000000,1,36000000
768,2024-10-27,Ryan Wiley,ThinkPad X1 Carbon,Lenovo,32000000,1,32000000
769,2024-08-08,Matthew Sweeney,Razer Blade 15,Razer,42000000,3,126000000
770,2025-01-07,Daniel Bird,HP Spectre x360,HP,28000000,1,28000000
771,2024-09-10,Anthony Shea DDS,ThinkPad X1 Carbon,Lenovo,32000000,3,96000000
772,2024-05-06,David Bruce,Laptop XPS 15,Dell,30000000,1,30000000
773,2024-09-07,Jacqueline Villegas,LG Gram 17,LG,27000000,1,27000000
774,2024-05-02,Kathy Walsh,HP Spectre x360,HP,28000000,2,56000000
775,2024-08-31,Keith Graham,Surface Laptop 4,Microsoft,25000000,2,50000000
776,2024-05-20,Dean Edwards,ThinkPad X1 Carbon,Lenovo,32000000,2,64000000
777,2025-02-05,Ronnie Nguyen,Acer Predator Helios 300,Acer,34000000,3,102000000
778,2024-09-22,Benjamin Harris,MSI GS66 Stealth,MSI,36000000,3,108000000
779,2025-01-27,Ashley Garcia,Razer Blade 15,Razer,42000000,1,42000000
780,2024-09-21,Jason Herrera,Laptop XPS 15,Dell,30000000,1,30000000
781,2025-01-24,Eric Baker,ThinkPad X1 Carbon,Lenovo,32000000,3,96000000
782,2024-05-16,Robert Torres,Laptop XPS 15,Dell,30000000,3,90000000
783,2024-12-29,Amanda Huff,MacBook Pro 14,Apple,45000000,2,90000000
784,2024-08-05,Michael Schmitt,Surface Laptop 4,Microsoft,25000000,3,75000000
785,2024-08-31,Megan Green,HP Spectre x360,HP,28000000,2,56000000
786,2024-06-06,Jared Chavez,Razer Blade 15,Razer,42000000,2,84000000
787,2025-01-15,Anna Garcia,HP Spectre x360,HP,28000000,2,56000000
788,2025-02-02,Adam Greer,ROG Zephyrus G14,Asus,38000000,3,114000000
789,2024-06-25,Rodney Watson,MacBook Pro 14,Apple,45000000,2,90000000
790,2024-11-30,Angela Willis,HP Spectre x360,HP,28000000,1,28000000
791,2025-03-22,Alison Brown,Acer Predator Helios 300,Acer,34000000,3,102000000
792,2025-03-16,Rhonda Davis,Razer Blade 15,Razer,42000000,2,84000000
793,2025-02-23,Erin Williams,LG Gram 17,LG,27000000,3,81000000
794,2024-09-26,Thomas Hamilton,Acer Predator Helios 300,Acer,34000000,1,34000000
795,2025-01-06,Allen Vega,ROG Zephyrus G14,Asus,38000000,2,76000000
796,2024-06-06,Terry Hill,Razer Blade 15,Razer,42000000,1,42000000
797,2024-09-20,Amanda Harvey,Laptop XPS 15,Dell,30000000,1,30000000
798,2024-07-04,Kathleen Andrade,Acer Predator Helios 300,Acer,34000000,1,34000000
799,2024-10-03,Douglas Taylor,ThinkPad X1 Carbon,Lenovo,32000000,2,64000000
800,2024-06-16,Rebecca Wright,Acer Predator Helios 300,Acer,34000000,2,68000000
801,2025-02-05,Alicia Reyes,MacBook Pro 14,Apple,45000000,1,45000000
802,2025-01-02,Joshua Washington,Surface Laptop 4,Microsoft,25000000,3,75000000
803,2025-03-20,Erica Nelson,HP Spectre x360,HP,28000000,1,28000000
804,2024-04-10,Daniel Huang,ThinkPad X1 Carbon,Lenovo,32000000,2,64000000
805,2025-01-27,Robert Ruiz,LG Gram 17,LG,27000000,3,81000000
806,2024-08-16,Yvonne Dickson,ROG Zephyrus G14,Asus,38000000,3,114000000
807,2024-05-08,David Ferguson,LG Gram 17,LG,27000000,3,81000000
808,2025-02-01,Amy Davies,MSI GS66 Stealth,MSI,36000000,1,36000000
809,2024-06-24,Vickie Price,HP Spectre x360,HP,28000000,3,84000000
810,2025-03-29,Sarah Thompson,Laptop XPS 15,Dell,30000000,2,60000000
811,2024-11-16,Oscar Howard,Laptop XPS 15,Dell,30000000,2,60000000
812,2024-11-15,Michael Meza,MacBook Pro 14,Apple,45000000,2,90000000
813,2024-11-04,Travis Copeland,Razer Blade 15,Razer,42000000,2,84000000
814,2025-02-08,Katherine Parker,Razer Blade 15,Razer,42000000,2,84000000
815,2024-10-07,Anthony Guzman,HP Spectre x360,HP,28000000,2,56000000
816,2024-04-07,April Hardin,MacBook Pro 14,Apple,45000000,2,90000000
817,2024-06-17,Gina Thompson,Laptop XPS 15,Dell,30000000,2,60000000
818,2025-02-05,Erica Johnson,ThinkPad X1 Carbon,Lenovo,32000000,3,96000000
819,2024-11-13,Brenda Rodriguez,Surface Laptop 4,Microsoft,25000000,3,75000000
820,2024-10-21,Toni Brooks,MSI GS66 Stealth,MSI,36000000,1,36000000
821,2025-03-31,Laurie Rogers,HP Spectre x360,HP,28000000,1,28000000
822,2024-08-03,Christopher Fry,ROG Zephyrus G14,Asus,38000000,2,76000000
823,2025-02-01,Katelyn Stewart,Razer Blade 15,Razer,42000000,2,84000000
824,2024-12-30,Melissa Mcfarland,LG Gram 17,LG,27000000,1,27000000
825,2025-01-30,Max Olsen,HP Spectre x360,HP,28000000,2,56000000
826,2024-08-24,Michael Anderson,MSI GS66 Stealth,MSI,36000000,1,36000000
827,2025-01-08,Michael Berry,MSI GS66 Stealth,MSI,36000000,1,36000000
828,2025-02-24,Traci Johnson DDS,MacBook Pro 14,Apple,45000000,3,135000000
829,2025-03-23,Lisa Bowman,MacBook Pro 14,Apple,45000000,3,135000000
830,2024-05-10,Brenda Mcgee,LG Gram 17,LG,27000000,1,27000000
831,2024-07-01,Francisco Fields,MSI GS66 Stealth,MSI,36000000,2,72000000
832,2024-05-04,Meagan Daniel,ThinkPad X1 Carbon,Lenovo,32000000,1,32000000
833,2024-08-08,Derek Wright,MacBook Pro 14,Apple,45000000,1,45000000
834,2024-04-26,Richard Le,Acer Predator Helios 300,Acer,34000000,1,34000000
835,2024-04-18,Nicholas Costa,ThinkPad X1 Carbon,Lenovo,32000000,3,96000000
836,2025-03-09,Stephen Bell,ThinkPad X1 Carbon,Lenovo,32000000,3,96000000
837,2024-08-23,John Shields,MacBook Pro 14,Apple,45000000,1,45000000
838,2024-12-08,Courtney Hayes,Surface Laptop 4,Microsoft,25000000,2,50000000
839,2025-02-04,Elizabeth Flores,Razer Blade 15,Razer,42000000,3,126000000
840,2024-05-10,Christopher Bennett,Surface Laptop 4,Microsoft,25000000,3,75000000
841,2025-01-09,Tom Spence,Razer Blade 15,Razer,42000000,3,126000000
842,2024-08-09,Lisa Webb,Razer Blade 15,Razer,42000000,2,84000000
843,2024-04-12,Matthew Lawson,MSI GS66 Stealth,MSI,36000000,1,36000000
844,2024-09-15,Brian Harris,Surface Laptop 4,Microsoft,25000000,1,25000000
845,2024-06-12,Julian Frost,Surface Laptop 4,Microsoft,25000000,2,50000000
846,2024-10-26,Douglas Young,Acer Predator Helios 300,Acer,34000000,2,68000000
847,2024-04-19,Joshua Henry,Razer Blade 15,Razer,42000000,1,42000000
848,2024-04-21,Jeffrey Phillips,MSI GS66 Stealth,MSI,36000000,3,108000000
849,2024-12-13,Karen Davis,MacBook Pro 14,Apple,45000000,2,90000000
850,2024-06-19,Edgar Miller,Surface Laptop 4,Microsoft,25000000,2,50000000
851,2025-02-21,Richard Ruiz,Laptop XPS 15,Dell,30000000,1,30000000
852,2025-03-13,Anna Stephens,MSI GS66 Stealth,MSI,36000000,2,72000000
853,2024-06-10,James Lopez,MacBook Pro 14,Apple,45000000,3,135000000
854,2024-04-17,John Perez,MacBook Pro 14,Apple,45000000,3,135000000
855,2024-07-13,Brittany Horton,Razer Blade 15,Razer,42000000,3,126000000
856,2024-05-07,Gregg Weaver,HP Spectre x360,HP,28000000,2,56000000
857,2025-01-18,Kristen Randall,Razer Blade 15,Razer,42000000,3,126000000
858,2025-02-11,Tracie Mcdaniel,Laptop XPS 15,Dell,30000000,2,60000000
859,2025-03-29,Stephen Alvarez,Razer Blade 15,Razer,42000000,3,126000000
860,2024-04-30,Scott Johnson,ROG Zephyrus G14,Asus,38000000,2,76000000
861,2024-11-07,Rebecca Byrd,Razer Blade 15,Razer,42000000,2,84000000
862,2024-11-26,Travis Cole,LG Gram 17,LG,27000000,1,27000000
863,2024-06-03,Rhonda Martinez,Laptop XPS 15,Dell,30000000,2,60000000
864,2024-09-11,Michael Harris,MacBook Pro 14,Apple,45000000,2,90000000
865,2025-02-13,Sandra Scott,MacBook Pro 14,Apple,45000000,3,135000000
866,2025-03-19,Renee Miller,ThinkPad X1 Carbon,Lenovo,32000000,1,32000000
867,2024-11-02,Gabriel Hill,ROG Zephyrus G14,Asus,38000000,3,114000000
868,2024-09-24,Alexandria Graves,Surface Laptop 4,Microsoft,25000000,2,50000000
869,2024-11-14,Jennifer Perry,LG Gram 17,LG,27000000,3,81000000
870,2024-05-27,Lauren Hanna,Razer Blade 15,Razer,42000000,1,42000000
871,2024-05-08,Kristine Garcia,MSI GS66 Stealth,MSI,36000000,2,72000000
872,2024-07-20,Sheryl Humphrey,Acer Predator Helios 300,Acer,34000000,2,68000000
873,2024-07-11,John Lynch,HP Spectre x360,HP,28000000,2,56000000
874,2024-04-14,Jamie Montgomery,Razer Blade 15,Razer,42000000,1,42000000
875,2024-12-20,Amanda Preston,MSI GS66 Stealth,MSI,36000000,1,36000000
876,2024-08-06,Amber Alvarez,MSI GS66 Stealth,MSI,36000000,1,36000000
877,2024-07-13,Alicia Roth,LG Gram 17,LG,27000000,3,81000000
878,2024-07-26,Ryan Garrison,HP Spectre x360,HP,28000000,2,56000000
879,2024-12-21,Sean Taylor,Acer Predator Helios 300,Acer,34000000,3,102000000
880,2025-01-13,Roger Adams,Razer Blade 15,Razer,42000000,1,42000000
881,2024-09-08,Ann Alexander,MSI GS66 Stealth,MSI,36000000,1,36000000
882,2025-03-20,Natalie Malone,Razer Blade 15,Razer,42000000,3,126000000
883,2025-03-02,Anthony Moody,ThinkPad X1 Carbon,Lenovo,32000000,2,64000000
884,2024-04-25,Jonathon Taylor,Acer Predator Helios 300,Acer,34000000,3,102000000
885,2025-02-24,Laura Thompson,HP Spectre x360,HP,28000000,1,28000000
886,2025-03-05,Sara Wright,Razer Blade 15,Razer,42000000,3,126000000
887,2024-09-24,Isaac Gonzalez,MacBook Pro 14,Apple,45000000,2,90000000
888,2024-08-21,Kathy Reid,LG Gram 17,LG,27000000,2,54000000
889,2024-05-18,Dana Burns,MSI GS66 Stealth,MSI,36000000,1,36000000
890,2024-09-20,Seth Matthews,LG Gram 17,LG,27000000,1,27000000
891,2024-08-13,Ryan Green,HP Spectre x360,HP,28000000,3,84000000
892,2025-02-16,Dominique Hughes,MSI GS66 Stealth,MSI,36000000,1,36000000
893,2024-06-02,Penny Lewis,MSI GS66 Stealth,MSI,36000000,2,72000000
894,2024-06-24,Megan Adams,ThinkPad X1 Carbon,Lenovo,32000000,1,32000000
895,2024-09-06,Sharon Coffey,MSI GS66 Stealth,MSI,36000000,2,72000000
896,2024-12-20,Thomas Holland,ROG Zephyrus G14,Asus,38000000,1,38000000
897,2024-11-19,Courtney Franklin,ThinkPad X1 Carbon,Lenovo,32000000,1,32000000
898,2024-07-27,Michelle Hill,MacBook Pro 14,Apple,45000000,2,90000000
899,2025-03-13,Gregory King,MacBook Pro 14,Apple,45000000,3,135000000
900,2024-09-28,Joseph Hanson,LG Gram 17,LG,27000000,3,81000000
901,2024-11-12,Jorge Bates,LG Gram 17,LG,27000000,1,27000000
902,2025-02-21,Kristina Wheeler,MSI GS66 Stealth,MSI,36000000,3,108000000
903,2024-07-18,Brian Brown,ThinkPad X1 Carbon,Lenovo,32000000,3,96000000
904,2024-07-16,Shannon Green,HP Spectre x360,HP,28000000,1,28000000
905,2025-01-01,Marisa Lopez,ThinkPad X1 Carbon,Lenovo,32000000,1,32000000
906,2024-10-17,Stephanie Trujillo,Razer Blade 15,Razer,42000000,1,42000000
907,2025-02-05,Jennifer Flores,Surface Laptop 4,Microsoft,25000000,1,25000000
908,2024-05-24,Mary Bright,HP Spectre x360,HP,28000000,2,56000000
909,2024-07-09,Jennifer Doyle,ROG Zephyrus G14,Asus,38000000,2,76000000
910,2024-11-12,Laura Lee,Razer Blade 15,Razer,42000000,2,84000000
911,2025-01-07,Melissa Little,Surface Laptop 4,Microsoft,25000000,1,25000000
912,2024-10-01,Megan Romero,LG Gram 17,LG,27000000,1,27000000
913,2025-02-22,Matthew Grant,Acer Predator Helios 300,Acer,34000000,2,68000000
914,2024-07-23,Carl Green,ROG Zephyrus G14,Asus,38000000,2,76000000
915,2025-02-07,Susan Arroyo,Razer Blade 15,Razer,42000000,2,84000000
916,2025-03-15,Brandon Kelly,Surface Laptop 4,Microsoft,25000000,2,50000000
917,2025-01-14,Jennifer Eaton,HP Spectre x360,HP,28000000,3,84000000
918,2024-08-22,Edward York,LG Gram 17,LG,27000000,2,54000000
919,2024-09-29,Mark Carpenter,ThinkPad X1 Carbon,Lenovo,32000000,1,32000000
920,2024-11-27,Steve Mason,Razer Blade 15,Razer,42000000,1,42000000
921,2025-03-02,Kendra Gutierrez,Acer Predator Helios 300,Acer,34000000,1,34000000
922,2025-03-04,Brenda Gonzalez,Surface Laptop 4,Microsoft,25000000,2,50000000
923,2024-09-05,Dr. Victoria Thomas,LG Gram 17,LG,27000000,1,27000000
924,2025-02-28,Peggy Freeman,LG Gram 17,LG,27000000,1,27000000
925,2024-12-01,Mrs. Amy Hayes,Acer Predator Helios 300,Acer,34000000,1,34000000
926,2024-06-20,Caroline Duran,ThinkPad X1 Carbon,Lenovo,32000000,2,64000000
927,2024-10-07,Penny Anderson,Surface Laptop 4,Microsoft,25000000,3,75000000
928,2024-09-15,Jennifer Sanford,ThinkPad X1 Carbon,Lenovo,32000000,2,64000000
929,2024-08-26,Joseph Cross,MacBook Pro 14,Apple,45000000,1,45000000
930,2024-04-05,Nicole Schmidt,Surface Laptop 4,Microsoft,25000000,2,50000000
931,2024-04-06,Lori Wright,Laptop XPS 15,Dell,30000000,2,60000000
932,2024-12-25,Emily Garcia,Laptop XPS 15,Dell,30000000,2,60000000
933,2024-10-12,Carol Colon,LG Gram 17,LG,27000000,2,54000000
934,2024-07-24,Joy Meyer,ROG Zephyrus G14,Asus,38000000,2,76000000
935,2024-10-20,Stephen Cowan,MacBook Pro 14,Apple,45000000,2,90000000
936,2024-08-11,Katherine Christensen MD,ROG Zephyrus G14,Asus,38000000,1,38000000
937,2025-03-18,Jennifer Perez,MSI GS66 Stealth,MSI,36000000,1,36000000
938,2025-01-07,Mrs. Alison Wagner,MSI GS66 Stealth,MSI,36000000,1,36000000
939,2024-05-17,Matthew Johnson,ThinkPad X1 Carbon,Lenovo,32000000,1,32000000
940,2025-03-06,Patricia Dean,Acer Predator Helios 300,Acer,34000000,2,68000000
941,2024-11-16,Mary Valdez MD,ThinkPad X1 Carbon,Lenovo,32000000,3,96000000
942,2024-12-23,Jeremy Martinez,Surface Laptop 4,Microsoft,25000000,2,50000000
943,2024-07-07,Christian Neal,Razer Blade 15,Razer,42000000,1,42000000
944,2024-11-30,Jason Garcia,MacBook Pro 14,Apple,45000000,1,45000000
945,2024-10-19,Larry Taylor,Acer Predator Helios 300,Acer,34000000,1,34000000
946,2025-02-16,Kayla Williamson,ThinkPad X1 Carbon,Lenovo,32000000,3,96000000
947,2024-07-18,Brian Gonzalez,Razer Blade 15,Razer,42000000,3,126000000
948,2024-06-16,Sandra Dudley,HP Spectre x360,HP,28000000,1,28000000
949,2024-08-17,Elizabeth Williams,Acer Predator Helios 300,Acer,34000000,1,34000000
950,2024-10-09,Melissa Castillo,Acer Predator Helios 300,Acer,34000000,1,34000000
951,2024-06-30,Michael Meadows,Laptop XPS 15,Dell,30000000,1,30000000
952,2025-02-18,Kathleen Herring,HP Spectre x360,HP,28000000,3,84000000
953,2025-01-27,Misty Garcia,Razer Blade 15,Razer,42000000,2,84000000
954,2024-07-08,Joyce Madden,MacBook Pro 14,Apple,45000000,1,45000000
955,2024-07-11,Brett Thompson,Surface Laptop 4,Microsoft,25000000,3,75000000
956,2024-04-15,Heather Rhodes,LG Gram 17,LG,27000000,1,27000000
957,2024-09-12,Anna Chang,LG Gram 17,LG,27000000,3,81000000
958,2024-04-17,Charles Holland,ROG Zephyrus G14,Asus,38000000,3,114000000
959,2024-08-05,Jeffrey Howell,ThinkPad X1 Carbon,Lenovo,32000000,2,64000000
960,2025-03-07,Jacqueline Cooper,HP Spectre x360,HP,28000000,1,28000000
961,2024-05-14,Victor Nelson,Razer Blade 15,Razer,42000000,2,84000000
962,2024-08-27,Karen Fisher,ROG Zephyrus G14,Asus,38000000,3,114000000
963,2025-03-10,Ashley Horton,HP Spectre x360,HP,28000000,1,28000000
964,2024-04-22,Dr. Ashley Pruitt,MacBook Pro 14,Apple,45000000,3,135000000
965,2024-10-04,Meghan White,MSI GS66 Stealth,MSI,36000000,1,36000000
966,2024-08-25,Lisa Huffman,LG Gram 17,LG,27000000,3,81000000
967,2025-03-07,Valerie Anderson,LG Gram 17,LG,27000000,3,81000000
968,2025-03-23,Stephen Alexander Jr.,LG Gram 17,LG,27000000,1,27000000
969,2024-12-10,Michael Gregory,HP Spectre x360,HP,28000000,2,56000000
970,2025-01-23,Misty Walker,Laptop XPS 15,Dell,30000000,3,90000000
971,2024-12-16,Kelly Watts,HP Spectre x360,HP,28000000,2,56000000
972,2024-11-26,Matthew Wright,Acer Predator Helios 300,Acer,34000000,3,102000000
973,2024-08-12,Margaret Hernandez,Laptop XPS 15,Dell,30000000,2,60000000
974,2025-02-14,Victoria Brown,MacBook Pro 14,Apple,45000000,2,90000000
975,2024-12-05,Kathy Harrison,ROG Zephyrus G14,Asus,38000000,3,114000000
976,2024-10-09,Angela Vasquez,MacBook Pro 14,Apple,45000000,3,135000000
977,2024-07-02,Donald Hunter,MSI GS66 Stealth,MSI,36000000,1,36000000
978,2024-10-30,Jennifer Young,Laptop XPS 15,Dell,30000000,2,60000000
979,2024-09-25,Kenneth Miller,LG Gram 17,LG,27000000,2,54000000
980,2024-10-10,Bryan Jimenez,ThinkPad X1 Carbon,Lenovo,32000000,3,96000000
981,2024-12-09,Jamie Johnson,Surface Laptop 4,Microsoft,25000000,3,75000000
982,2024-10-30,Brandon Munoz,Surface Laptop 4,Microsoft,25000000,3,75000000
983,2024-11-26,Stefanie Hart,ThinkPad X1 Carbon,Lenovo,32000000,1,32000000
984,2024-12-10,Tiffany Cox,MacBook Pro 14,Apple,45000000,3,135000000
985,2024-04-21,Sarah Rivera,Surface Laptop 4,Microsoft,25000000,1,25000000
986,2025-01-23,Kara Sandoval,Acer Predator Helios 300,Acer,34000000,1,34000000
987,2025-01-03,Brent Hopkins,Laptop XPS 15,Dell,30000000,1,30000000
988,2024-03-31,Ronald Brandt,Laptop XPS 15,Dell,30000000,2,60000000
989,2024-07-22,Jacqueline Rodriguez,Acer Predator Helios 300,Acer,34000000,3,102000000
990,2025-03-14,Charles Love,HP Spectre x360,HP,28000000,3,84000000
991,2025-01-05,David Gonzalez,Surface Laptop 4,Microsoft,21000000,2,50000000
992,2024-05-16,Jenna Bryant,Laptop XPS 15,Dell,30000000,3,90000000
993,2025-01-28,George Sherman,ROG Zephyrus G14,Asus,38000000,2,76000000
994,2024-04-18,Sara Chapman,MSI GS66 Stealth,MSI,36000000,1,36000000
995,2025-01-24,Judith Lawrence,MSI GS66 Stealth,MSI,36000000,2,72000000
996,2024-10-12,Jonathan Moreno,MacBook Pro 14,Apple,45000000,2,90000000
997,2024-04-18,Jessica Richards,HP Spectre x360,HP,28000000,2,56000000
998,2025-03-24,Tammy Thompson,Surface Laptop 4,Microsoft,25000000,2,50000000
999,2024-11-10,Robert Garcia,MSI GS66 Stealth,MSI,36000000,1,36000000
1000,2024-12-11,Sonya Gordon,Surface Laptop 4,Microsoft,25000000,3,75000000
